X1,X2,X3,X4,X5,X6,X7,X8,X9,X10,X11,X12,label
13.3949790047575,47.3234840103328,9.34432264710219,12.2013383090779,22.2013383090779,19.3443226471022,37.3234840103328,15.1968164761308,3.3949790047575,5.1968164761308,42.8441887806558,32.8441887806558,3
10.9730612856542,50.7595900413514,6.81994901023782,14.7931621579002,24.7931621579002,16.8199490102378,40.7595900413514,13.5340221180217,0.973061285654245,3.53402211802166,42.3333768952729,32.3333768952729,3
35.0306159329055,34.6318748242572,18.0343160705855,28.9529759400532,18.9529759400532,8.03431607058549,24.6318748242572,24.391422277773,25.0306159329055,34.391422277773,-2.26738163170648,7.73261836829352,2
35.2139319906488,31.7648321799558,18.9604816352277,31.9797911509187,21.9797911509187,8.96048163522766,21.7648321799558,24.6531034317291,25.2139319906488,34.6531034317291,-3.8776656859293,6.1223343140707,2
24.1399267939496,24.9217932531698,27.9283002164467,17.1605009533941,27.1605009533941,37.9283002164467,34.9217932531698,1.10376008217978,34.1399267939496,11.1037600821798,10.8493955928176,20.8493955928176,1
12.6403159230263,48.9886769721435,7.36392831944393,15.3633590109297,25.3633590109297,17.3639283194439,38.9886769721435,11.563083520029,2.64031592302625,1.56308352002896,43.8027040238064,33.8027040238064,3
8.04314916013552,47.992021403306,8.38664047817318,14.299026828516,24.299026828516,18.3866404781732,37.992021403306,9.15330861180118,-1.95685083986448,-0.846691388198821,42.843378881447,32.843378881447,3
14.3463438913845,50.2347706360425,8.16873494002621,10.3349756118149,20.3349756118149,18.1687349400262,40.2347706360425,10.8018342619157,4.34634389138448,0.801834261915748,40.440765193161,30.440765193161,3
9.0812404678502,47.3724218789231,4.33478802330148,8.36211948665713,18.3621194866571,14.3347880233015,37.3724218789231,13.955613801269,-0.918759532149796,3.95561380126899,45.9954505242255,35.9954505242255,3
34.7092966599191,31.8526236592016,20.1086636974198,29.0596560358609,19.0596560358609,10.1086636974198,21.8526236592016,23.8264153150421,24.7092966599191,33.8264153150421,-6.18287424116584,3.81712575883416,2
35.9760262146591,37.8896922410223,21.1023531416078,30.8734718049556,20.8734718049556,11.1023531416078,27.8896922410223,24.4027928222189,25.9760262146591,34.4027928222189,-2.20109440305398,7.79890559694602,2
28.0237901569151,21.0948556200592,25.999708216532,18.2565044039318,28.2565044039318,35.999708216532,31.0948556200592,3.45036061596667,38.0237901569151,13.4503606159667,10.752634049619,20.752634049619,1
34.8937793139983,34.1022469680177,16.2505786646374,31.8053408952463,21.8053408952463,6.25057866463738,24.1022469680177,17.4306057223838,24.8937793139983,27.4306057223838,-2.51225170273233,7.48774829726767,2
37.82589570279,33.8276365135,19.2785565084405,29.9645440941173,19.9645440941173,9.27855650844053,23.8276365135,26.667733009691,27.82589570279,36.667733009691,-6.07843010956844,3.92156989043156,2
28.5894392567472,23.1544474086197,24.0601523842127,14.682380093085,24.682380093085,34.0601523842127,33.1544474086197,2.13778459618569,38.5894392567472,12.1377845961857,8.60689191904902,18.606891919049,1
16.4032250676702,44.8413540067431,5.17475664192608,13.0754734580603,23.0754734580603,15.1747566419261,34.8413540067431,9.85053500710733,6.40322506767024,-0.149464992892675,43.3340847761722,33.3340847761722,3
29.6164931625007,25.684537500792,23.6019557323406,17.492317924187,27.492317924187,33.6019557323406,35.684537500792,2.1347192047004,39.6164931625007,12.1347192047004,13.2438622287203,23.2438622287203,1
26.5666686866484,23.9442718836119,21.6318260480067,16.0175411705266,26.0175411705266,31.6318260480067,33.9442718836118,9.84472017090955,36.5666686866484,19.8447201709096,13.3995164872521,23.3995164872521,1
26.6965726356153,23.4999447530846,22.1936334517985,15.4014501592751,25.4014501592751,32.1936334517985,33.4999447530846,0.00594527992086569,36.6965726356153,10.0059452799209,9.59294845352364,19.5929484535236,1
10.5945169552536,45.6682345501601,5.23077932683286,10.4896429946141,20.4896429946141,15.2307793268329,35.6682345501601,15.5259824760127,0.594516955253557,5.52598247601266,41.9225344932627,31.9225344932627,3
13.8084576193099,47.7125038948573,2.15340572583304,10.7892892413979,20.7892892413979,12.153405725833,37.7125038948573,12.7543298705954,3.80845761930991,2.7543298705954,36.8652210728695,26.8652210728695,3
27.0553363621597,27.9881890505064,26.5382129215054,17.9694230457247,27.9694230457247,36.5382129215054,37.9881890505064,0.162411981681533,37.0553363621597,10.1624119816815,16.6316993826961,26.6316993826961,1
13.7231423192214,46.9317938040677,9.01014592586139,10.888328242215,20.888328242215,19.0101459258614,36.9317938040677,14.3056307739946,3.72314231922141,4.30563077399463,40.7945255094612,30.7945255094612,3
27.3309473446065,27.1651917689575,24.7071859800704,14.7357462541929,24.7357462541929,34.7071859800704,37.1651917689575,4.58921683598754,37.3309473446065,14.5892168359875,9.58987952824839,19.5898795282484,1
31.7591112463861,34.4637254542156,20.7753545809082,30.8751973339339,20.8751973339339,10.7753545809082,24.4637254542156,20.1514771917392,21.7591112463861,30.1514771917392,-2.48720756918504,7.51279243081496,2
36.5015563150733,32.5657605738865,19.9370916738949,30.1610266648593,20.1610266648593,9.93709167389489,22.5657605738865,24.5566318480598,26.5015563150733,34.5566318480598,-5.31374767218925,4.68625232781075,2
39.6273369371789,33.7608862832361,17.8077948852969,35.8960524043511,25.8960524043511,7.80779488529689,23.7608862832361,25.4905470283567,29.6273369371789,35.4905470283567,-4.77058953854979,5.22941046145021,2
31.7422472213069,25.0994341713505,24.8341381233941,15.7019043632294,25.7019043632294,34.8341381233941,35.0994341713505,2.96316914086979,41.7422472213069,12.9631691408698,11.2943773485482,21.2943773485482,1
10.5168964429633,49.7309195902605,6.76911332657087,9.64324846880103,19.643248468801,16.7691133265709,39.7309195902605,14.7765094844148,0.516896442963271,4.7765094844148,42.6894268050168,32.6894268050168,3
31.4166178909504,32.8856764373111,22.3826033161812,30.6122706844794,20.6122706844794,12.3826033161812,22.8856764373111,21.1283198216581,21.4166178909504,31.1283198216581,-2.25738541876804,7.74261458123196,2
35.682870197773,32.5232825739618,21.7467218900821,32.8112025064435,22.8112025064435,11.7467218900821,22.5232825739618,23.1922004141573,25.682870197773,33.1922004141573,-6.4271345680432,3.5728654319568,2
25.4814693225356,19.9106472938563,28.5174188064567,16.1636662677093,26.1636662677093,38.5174188064567,29.9106472938563,0.271345514745805,35.4814693225356,10.2713455147458,12.9682503255656,22.9682503255656,1
12.2325814454121,51.6180736214697,7.28977314558047,10.4953902817051,20.4953902817051,17.2897731455805,41.6180736214697,12.0350783560949,2.23258144541206,2.03507835609486,41.3538572822818,31.3538572822818,3
10.6963278224604,45.1554076512906,5.43638756669779,8.02679037037036,18.0267903703704,15.4363875666978,35.1554076512906,13.5252792483572,0.6963278224604,3.52527924835718,43.0948411676931,33.0948411676931,3
36.9441746748487,33.2837130748356,19.4800409307312,30.0652511408641,20.0652511408641,9.48004093073122,23.2837130748356,23.1351111804314,26.9441746748487,33.1351111804314,-4.27695370528936,5.72304629471064,2
38.3267642243108,37.4960727209572,18.4582018024333,32.0100081687482,22.0100081687482,8.4582018024333,27.4960727209572,24.2721332855161,28.3267642243108,34.2721332855161,-6.55975972406776,3.44024027593224,2
34.1373875608505,28.9954707081789,22.3653131853307,30.5420292316488,20.5420292316488,12.3653131853307,18.9954707081789,25.5178335936644,24.1373875608505,35.5178335936644,-2.35304120842278,7.64695879157722,2
34.657594158757,30.2015462355237,19.2171258600973,33.3510043861375,23.3510043861375,9.2171258600973,20.2015462355237,23.6868817304267,24.657594158757,33.6868817304267,-7.2876031274738,2.7123968725262,2
28.0721147421045,23.9678458214748,25.0474236175955,15.6361627866955,25.6361627866955,35.0474236175955,33.9678458214748,0.792669735974879,38.0721147421045,10.7926697359749,14.511244171454,24.511244171454,1
27.1915600411131,24.3196201661469,28.3122656188698,15.3275572927884,25.3275572927884,38.3122656188698,34.3196201661469,0.932728832294066,37.1915600411131,10.9327288322941,14.0989810221047,24.0989810221047,1
10.804309895618,46.9440546267007,7.70911980410168,9.39180319971702,19.391803199717,17.7091198041017,36.9440546267007,12.0083034285762,0.804309895618024,2.00830342857624,43.3141108950142,33.3141108950142,3
35.9807638400219,37.6477397012711,16.5715070266137,31.2849818283365,21.2849818283365,6.57150702661371,27.6477397012711,22.2621476263542,25.9807638400219,32.2621476263542,-7.78264848729553,2.21735151270447,2
12.9055905967364,46.0494700129692,8.74022759089704,12.5654740372086,22.5654740372086,18.740227590897,36.0494700129692,9.0186758942109,2.90559059673637,-0.981324105789098,44.5850619449536,34.5850619449536,3
36.3725909147985,36.1335654908129,21.846619830332,32.8346607517256,22.8346607517256,11.846619830332,26.1335654908129,20.0115028429772,26.3725909147985,30.0115028429772,-3.91556031082577,6.08443968917423,2
11.1153244990783,47.2648478281035,6.91560958773522,13.0813128951572,23.0813128951572,16.9156095877352,37.2648478281035,9.99574342504565,1.11532449907825,-0.00425657495434528,38.3373113631512,28.3373113631512,3
31.6432510424731,33.071212805399,22.1042271604533,28.0120932221344,18.0120932221344,12.1042271604533,23.071212805399,25.7745532764605,21.6432510424731,35.7745532764605,-6.6024095409167,3.3975904590833,2
31.6846877788743,23.0806691011476,25.6863414561749,16.8781880351757,26.8781880351757,35.6863414561749,33.0806691011476,5.78229258445312,41.6846877788743,15.7822925844531,15.8808304288706,25.8808304288706,1
36.4256828632639,36.8733270621455,17.4683684401488,31.0979877801692,21.0979877801692,7.4683684401488,26.8733270621455,22.9919858562999,26.4256828632639,32.9919858562999,-5.79641746551854,4.20358253448146,2
14.438580567109,51.4156409867126,4.28989370566032,10.7993366534102,20.7993366534102,14.2898937056603,41.4156409867126,11.5084988678591,4.43858056710896,1.50849886785914,42.0387158450192,32.0387158450192,3
13.8289300092026,46.9996098262313,4.74941249179244,11.359868329364,21.359868329364,14.7494124917924,36.9996098262313,12.016220968862,3.82893000920257,2.01622096886197,40.0227471350556,30.0227471350556,3
13.1028752070035,47.5088686705461,7.30953059149941,17.9688635754404,27.9688635754404,17.3095305914994,37.5088686705461,9.00442989820459,3.10287520700348,-0.99557010179541,39.9111204502029,29.9111204502029,3
12.94450790268,50.2681808674016,5.4951754189749,12.767025337354,22.767025337354,15.4951754189749,40.2681808674016,12.242618956156,2.94450790268,2.24261895615596,40.3849032565908,30.3849032565908,3
14.6474874976533,47.2494084893861,6.81834371509805,9.77684221919795,19.7768422191979,16.818343715098,37.2494084893861,13.3432313967546,4.64748749765333,3.34323139675455,39.1078337090623,29.1078337090623,3
35.2445464205244,31.0947431442449,16.3646028957201,28.134302095605,18.134302095605,6.36460289572011,21.0947431442449,19.835115485262,25.2445464205244,29.835115485262,-0.840590325649316,9.15940967435068,2
36.979214577776,35.8031475151083,20.7390312789274,29.4321097994017,19.4321097994017,10.7390312789274,25.8031475151083,26.0363394034167,26.979214577776,36.0363394034167,-2.73585553253395,7.26414446746605,2
14.2081485052838,45.2328069476433,8.50030620985747,10.5475357751959,20.5475357751959,18.5003062098575,35.2328069476433,10.9952618766048,4.20814850528375,0.995261876604849,43.0701254762905,33.0701254762905,3
12.3348239372502,48.2031887730329,9.24377625064664,13.9233344915845,23.9233344915845,19.2437762506466,38.2031887730329,12.6426047657483,2.33482393725025,2.64260476574834,42.180729342359,32.180729342359,3
38.1909411616214,32.0450901979693,16.799347486158,30.1986135959579,20.1986135959579,6.79934748615802,22.0450901979693,22.1845411787934,28.1909411616214,32.1845411787934,-6.66511708316842,3.33488291683158,2
36.0287276705948,34.6130403433573,22.6635098321614,35.257815768829,25.257815768829,12.6635098321614,24.6130403433573,23.5742365163991,26.0287276705948,33.5742365163991,-3.12864361567679,6.87135638432321,2
32.4881930787028,37.0248916707058,20.887465722385,28.1282406521546,18.1282406521546,10.887465722385,27.0248916707058,23.6462734246084,22.4881930787028,33.6462734246084,-2.39933146594376,7.60066853405624,2
25.8651568790039,22.3800510485497,27.9945462306561,16.2434612196859,26.2434612196859,37.9945462306561,32.3800510485497,4.82760780946021,35.8651568790039,14.8276078094602,11.378209382288,21.378209382288,1
25.2123471325941,23.5332792871234,25.7142562935089,17.5209616386545,27.5209616386545,35.7142562935089,33.5332792871233,1.16970565211782,35.2123471325941,11.1697056521178,12.0850175131402,22.0850175131402,1
38.7515111775344,34.9469090095155,19.5895492642332,31.5460763608118,21.5460763608118,9.58954926423322,24.9469090095155,25.390855629983,28.7515111775344,35.390855629983,-5.56087415760566,4.43912584239434,2
26.0364066226191,27.8987611632703,25.5660283448895,14.3177788717894,24.3177788717894,35.5660283448895,37.8987611632703,1.87416873232013,36.0364066226191,11.8741687323201,15.0003497356067,25.0003497356067,1
25.6136037245604,24.7081109858099,25.3421530647085,15.3577849289239,25.3577849289239,35.3421530647085,34.7081109858099,1.81919788873783,35.6136037245604,11.8191978887378,13.1477688325301,23.1477688325301,1
15.3204926878787,45.6632833617349,9.91045415352701,11.7340044535277,21.7340044535277,19.910454153527,35.6632833617349,12.5183263239608,5.32049268787867,2.51832632396079,44.2711582864955,34.2711582864955,3
13.9502660353453,42.7934521399948,6.02988435503697,14.9055667226857,24.9055667226857,16.029884355037,32.7934521399948,12.6206193931239,3.95026603534525,2.6206193931239,40.5109313862622,30.5109313862622,3
27.7056860540651,22.9573039540863,25.874600030605,17.8425668953475,27.8425668953475,35.874600030605,32.9573039540863,3.41906134819786,37.7056860540651,13.4190613481979,11.2276654763884,21.2276654763884,1
27.4121284887426,24.5377310814465,25.448605688833,16.6101376590942,26.6101376590942,35.448605688833,34.5377310814465,2.11502475211815,37.4121284887426,12.1150247521181,12.5540671344848,22.5540671344848,1
28.2971711232518,24.1800235011594,25.5164348596339,15.7899813084236,25.7899813084236,35.5164348596339,34.1800235011594,3.61420837691193,38.2971711232518,13.6142083769119,11.9741700666017,21.9741700666017,1
24.8572393314844,25.7969200646404,22.6904729832334,15.8452959833702,25.8452959833702,32.6904729832334,35.7969200646404,4.60161360956597,34.8572393314844,14.601613609566,14.3905452013337,24.3905452013337,1
37.4725144045612,35.7254441252792,16.0915318102666,28.7866846055327,18.7866846055327,6.0915318102666,25.7254441252792,22.76735495085,27.4725144045612,32.76735495085,-3.67039066771958,6.32960933228042,2
10.3952113718151,45.956697745155,6.01148510134701,11.8064369814328,21.8064369814328,16.011485101347,35.956697745155,13.8839382043622,0.395211371815083,3.88393820436216,40.3554711450042,30.3554711450042,3
13.9137934794223,44.6629302609035,5.93906613927789,12.1487187177275,22.1487187177275,15.9390661392779,34.6629302609035,13.5424999685483,3.91379347942228,3.54249996854831,42.687626704882,32.687626704882,3
13.8571739894896,49.2408907375151,6.8869009308415,7.89769390090516,17.8976939009052,16.8869009308415,39.2408907375151,16.723484745019,3.85717398948958,6.72348474501899,40.8370025982574,30.8370025982574,3
24.6951354232277,26.5470706170805,24.4681419717523,13.9583468633175,23.9583468633175,34.4681419717523,36.5470706170805,5.34775354919063,34.6951354232277,15.3477535491906,16.0968896443162,26.0968896443162,1
25.8165916683814,22.625943588244,25.610992100783,14.1426077408253,24.1426077408253,35.610992100783,32.625943588244,1.47601528205677,35.8165916683814,11.4760152820568,11.1277586156081,21.1277586156081,1
11.746267049061,47.4975374536589,11.1313759299364,13.6627732797947,23.6627732797947,21.1313759299364,37.4975374536589,13.8203254157953,1.74626704906103,3.82032541579534,43.48720692044,33.48720692044,3
15.470612078483,43.0467061575517,6.00588450952458,8.12895036581565,18.1289503658157,16.0058845095246,33.0467061575517,11.421290659902,5.47061207848304,1.42129065990197,40.6080999481332,30.6080999481332,3
27.2377410469878,25.2564969173138,26.3896736374752,17.6085943612264,27.6085943612264,36.3896736374752,35.2564969173138,4.60910507349982,37.2377410469878,14.6091050734998,10.7782647800126,20.7782647800126,1
26.2405727744509,24.2895215572077,28.4817929986729,13.6292488515597,23.6292488515597,38.4817929986729,34.2895215572076,-0.370276638591722,36.2405727744509,9.62972336140828,12.9533401284475,22.9533401284475,1
28.2511054318879,26.5495702400418,24.9902102249553,14.5356735743457,24.5356735743457,34.9902102249553,36.5495702400418,2.56142141011959,38.2511054318879,12.5614214101196,15.2269795751119,25.2269795751119,1
35.4319102570294,30.8288193672767,24.3251562765167,29.209206321347,19.209206321347,14.3251562765167,20.8288193672767,23.8666041127316,25.4319102570294,33.8666041127316,-3.06582691905514,6.93417308094486,2
38.7181910527955,35.4633026073821,19.8489150655059,28.1799803165352,18.1799803165352,9.84891506550589,25.4633026073821,25.2075074034716,28.7181910527955,35.2075074034716,-7.58635434120622,2.41364565879378,2
37.6002610023439,34.8211268794296,22.4022280647183,32.9209081120827,22.9209081120827,12.4022280647183,24.8211268794296,23.5042825433611,27.6002610023439,33.5042825433611,-5.80349495991257,4.19650504008743,2
12.1658077103211,51.829762151791,5.1743715118827,11.7432169475713,21.7432169475713,15.1743715118827,41.829762151791,12.6443282488702,2.16580771032108,2.64432824887019,39.432946704979,29.432946704979,3
31.0102944501563,23.1340615027654,26.773836610804,15.9693630374969,25.9693630374969,36.773836610804,33.1340615027654,4.79425538075765,41.0102944501563,14.7942553807577,11.9980660715081,21.9980660715081,1
10.9614719473396,45.2742427013062,5.97712815867615,7.81302974411293,17.8130297441129,15.9771281586762,35.2742427013062,6.87678657214614,0.961471947339563,-3.12321342785386,40.9679994383627,30.9679994383627,3
12.9842262840765,48.0489734923607,7.52084130947614,12.6836611104623,22.6836611104623,17.5208413094761,38.0489734923607,10.0978368861671,2.98422628407651,0.0978368861670957,41.1026149702504,31.1026149702504,3
38.3780097818689,32.7070638614382,18.2366674890526,32.2777649751613,22.2777649751613,8.23666748905263,22.7070638614382,25.0790255416577,28.3780097818689,35.0790255416577,-5.9406156345811,4.0593843654189,2
11.8382573516665,44.995212268094,8.55824122801735,14.3609698883671,24.3609698883671,18.5582412280173,34.995212268094,10.0368773090253,1.83825735166646,0.0368773090253462,39.4258926317073,29.4258926317073,3
28.0056861454254,22.8777643072245,28.7120431434177,13.917971998622,23.917971998622,38.7120431434177,32.8777643072245,0.577634291676656,38.0056861454254,10.5776342916767,13.304492681513,23.304492681513,1
34.9520276070032,34.439957842539,21.7485236437621,32.8789011743767,22.8789011743767,11.7485236437621,24.439957842539,20.9651291997754,24.9520276070032,30.9651291997754,0.273845072760157,10.2738450727602,2
24.6161038486205,27.5039362825512,27.348982299978,17.7083672744538,27.7083672744538,37.348982299978,37.5039362825512,3.99836826321798,34.6161038486205,13.998368263218,13.0705455368701,23.0705455368701,1
29.5196318104465,23.2951522983334,26.2822734403694,20.9444948117057,30.9444948117057,36.2822734403694,33.2951522983334,4.3494352215613,39.5196318104465,14.3494352215613,14.2216348705636,24.2216348705636,1
37.7757932796767,33.440714099806,15.0433038464247,31.7691523183317,21.7691523183317,5.04330384642473,23.440714099806,25.0284880793155,27.7757932796767,35.0284880793155,-1.87515888119646,8.12484111880354,2
37.7893303980015,37.7122599887682,17.1114068290096,31.2757653242847,21.2757653242847,7.11140682900964,27.7122599887682,23.1111554930384,27.7893303980015,33.1111554930384,-6.16302635708474,3.83697364291526,2
13.4785389528848,46.6079394072609,6.59625605308418,12.3644427047048,22.3644427047048,16.5962560530842,36.6079394072609,10.5567896795821,3.47853895288484,0.556789679582149,41.617581416503,31.617581416503,3
12.6696363062213,49.7181797204714,10.624673982628,11.7159362321722,21.7159362321722,20.624673982628,39.7181797204714,13.7690587692087,2.66963630622132,3.76905876920872,41.0995703678306,31.0995703678306,3
10.1849663109959,47.5226986387282,5.82043771126647,11.6898902996579,21.6898902996579,15.8204377112665,37.5226986387282,12.4564829542938,0.184966310995863,2.45648295429377,40.011788484838,30.011788484838,3
26.2244449823509,24.8504593419547,27.4636349124499,13.7528182632234,23.7528182632234,37.4636349124499,34.8504593419547,3.78558247846127,36.2244449823509,13.7855824784613,11.4566915794845,21.4566915794845,1
37.352785403795,34.0685330927958,20.1927804948209,29.1638262714336,19.1638262714336,10.1927804948209,24.0685330927958,22.583028722499,27.352785403795,32.583028722499,-4.18156922603647,5.81843077396353,2
27.3603361833029,26.4970480376289,24.2810925611289,16.5223735288003,26.5223735288003,34.2810925611289,36.4970480376289,1.26454224851034,37.3603361833029,11.2645422485103,11.7503305033119,21.7503305033119,1
39.9659644639236,34.1499661328471,16.4451897654857,29.9779615706298,19.9779615706298,6.44518976548573,24.1499661328471,28.4154295320642,29.9659644639236,38.4154295320642,-5.33995754115535,4.66004245884465,2
29.0918079755856,22.6338389595841,28.6897992937514,17.4552974430675,27.4552974430675,38.6897992937514,32.6338389595841,0.853577060164634,39.0918079755856,10.8535770601646,12.9202800397704,22.9202800397704,1
11.4636199669235,49.5011538998208,7.41392906071578,12.5081196369426,22.5081196369426,17.4139290607158,39.5011538998208,11.2988322719315,1.46361996692352,1.29883227193149,41.9325713306694,31.9325713306694,3
31.9084104072208,24.0297606186919,24.8765706068441,16.3447153495229,26.3447153495229,34.8765706068441,34.0297606186919,-1.13070022659714,41.9084104072208,8.86929977340286,13.664175572262,23.664175572262,1
35.9750085121235,29.5249481268231,19.5247845561982,30.5958543548849,20.5958543548849,9.52478455619822,19.5249481268231,21.4655910862325,25.9750085121235,31.4655910862325,-3.40440273523364,6.59559726476636,2
24.2500148275877,20.3612925861044,28.8995934123302,16.3090120683235,26.3090120683235,38.8995934123302,30.3612925861044,2.11681018976396,34.2500148275877,12.116810189764,10.5111919099888,20.5111919099888,1
10.9307878777547,49.3172652874309,4.41730622339984,13.676055335835,23.676055335835,14.4173062233998,39.3172652874309,12.4130974231987,0.930787877754705,2.4130974231987,40.6247340639763,30.6247340639763,3
26.9682957424585,26.3920657215224,26.4904963891983,12.7593673979175,22.7593673979175,36.4904963891983,36.3920657215224,0.499503185289296,36.9682957424585,10.4995031852893,11.0992498783044,21.0992498783044,1
27.6926058596002,26.6579702464186,24.7622613399105,13.4910802202417,23.4910802202417,34.7622613399105,36.6579702464186,6.32542817338511,37.6926058596002,16.3254281733851,14.5478267308925,24.5478267308925,1
24.7187223616041,27.4594344317389,26.7358035883524,15.3282135548677,25.3282135548677,36.7358035883524,37.4594344317389,1.47903871073431,34.7187223616041,11.4790387107343,13.4505520861891,23.4505520861891,1
14.6436009384603,48.0381895899608,5.08550326587726,11.2980100441177,21.2980100441177,15.0855032658773,38.0381895899608,12.2009584029132,4.64360093846031,2.20095840291315,40.837279780328,30.837279780328,3
13.7020907390471,46.6961952198289,6.13268428469163,10.6750683907285,20.6750683907285,16.1326842846916,36.6961952198289,15.261383284398,3.70209073904714,5.26138328439804,44.3457828641634,34.3457828641634,3
35.708592056139,35.5680842259439,14.8743141033109,30.0976118391651,20.0976118391651,4.87431410331088,25.5680842259439,24.0834289783003,25.708592056139,34.0834289783003,-6.132151697614,3.867848302386,2
11.6871306742521,50.3061296586861,10.2819605732439,12.3336441281076,22.3336441281076,20.2819605732439,40.3061296586861,11.1683366231656,1.6871306742521,1.16833662316561,40.5498554483921,30.5498554483921,3
12.2378337359959,43.992893991227,8.69996306279722,11.7372940288237,21.7372940288237,18.6999630627972,33.992893991227,11.6072852101148,2.23783373599586,1.60728521011485,41.9557121329699,31.9557121329699,3
11.0344088389874,46.1290719028442,7.54141039146528,13.7813876544784,23.7813876544784,17.5414103914653,36.1290719028442,13.3571502240777,1.03440883898738,3.35715022407767,41.1571762624929,31.1571762624929,3
13.4661499340694,51.4652635308392,6.42980760472149,11.413108377771,21.413108377771,16.4298076047215,41.4652635308392,11.6987304360898,3.46614993406935,1.6987304360898,40.6620689597421,30.6620689597421,3
13.6400823469684,46.2399861366557,7.6984740374665,9.45971335072873,19.4597133507287,17.6984740374665,36.2399861366557,12.7469803864513,3.64008234696838,2.74698038645134,39.9412890940202,29.9412890940202,3
11.8589053073126,47.2057730102086,8.7008998844088,8.7400426310437,18.7400426310437,18.7008998844088,37.2057730102086,12.6403154973977,1.85890530731256,2.64031549739772,40.9896973421402,30.9896973421402,3
11.721246460703,48.4834933419957,10.3994784747577,8.95579950086446,18.9557995008645,20.3994784747577,38.4834933419957,7.3584308394133,1.72124646070298,-2.6415691605867,39.9002677796401,29.9002677796401,3
37.3244014559788,30.8706504953192,16.280715550023,31.6075848038232,21.6075848038232,6.28071555002298,20.8706504953192,23.4119441427204,27.3244014559788,33.4119441427204,-6.03861168061386,3.96138831938614,2
36.9372437827932,34.3802475970517,19.7791866952661,33.8131102511866,23.8131102511866,9.7791866952661,24.3802475970517,23.6256545357119,26.9372437827932,33.6256545357119,-2.69403808853867,7.30596191146133,2
13.1338859533867,48.087308420381,4.09218269138495,13.6727746311238,23.6727746311238,14.0921826913849,38.087308420381,11.0085715899659,3.13388595338675,1.00857158996591,39.2039553327145,29.2039553327145,3
13.6298808586809,45.4379720131631,6.26002065139108,14.1882249810006,24.1882249810006,16.2600206513911,35.4379720131631,12.6717403202608,3.6298808586809,2.67174032026083,43.2058967767233,33.2058967767233,3
36.4114875455,34.6595961696616,21.0597652873252,29.148827492661,19.148827492661,11.0597652873252,24.6595961696616,22.5846754242419,26.4114875455,32.5846754242419,-4.82529855330865,5.17470144669135,2
26.1632520565484,21.7092978463791,23.9395120643648,16.9347344553634,26.9347344553634,33.9395120643648,31.7092978463791,1.81708749439044,36.1632520565484,11.8170874943904,14.6918730490591,24.6918730490591,1
12.1343165131501,50.5317992667788,3.15413023525236,9.79180696331771,19.7918069633177,13.1541302352524,40.5317992667788,12.4552149028935,2.13431651315006,2.45521490289348,42.9040651146109,32.9040651146109,3
12.840340635244,49.0411636785934,4.94354508665964,8.94941517358561,18.9494151735856,14.9435450866596,39.0411636785934,13.4489727488268,2.84034063524402,3.44897274882683,41.2615445900355,31.2615445900355,3
26.5433997723028,24.2609043283295,24.1190052257069,15.4975239700857,25.4975239700857,34.1190052257069,34.2609043283295,4.22099523486887,36.5433997723028,14.2209952348689,11.3563930194994,21.3563930194994,1
11.2765322006886,45.0167387898621,7.0359193915078,7.27033396679411,17.2703339667941,17.0359193915078,35.0167387898621,14.7566383577379,1.27653220068864,4.75663835773788,41.2450762857297,31.2450762857297,3
26.9574054082663,24.2005994566266,23.1149496351747,14.5034948774525,24.5034948774525,33.1149496351747,34.2005994566266,7.43188917643859,36.9574054082663,17.4318891764386,12.7125129014502,22.7125129014502,1
24.987131146325,22.8422522282974,23.6045868524346,14.6278128802511,24.6278128802511,33.6045868524346,32.8422522282974,-0.504821196531481,34.987131146325,9.49517880346852,12.0910222267527,22.0910222267527,1
10.5260831332752,48.968270937186,5.27423029843238,10.8920823542305,20.8920823542305,15.2742302984324,38.968270937186,14.6854010933857,0.52608313327516,4.68540109338571,42.944535395991,32.944535395991,3
35.3784622925322,36.4221738118049,17.7350480125435,29.0604176167367,19.0604176167367,7.73504801254349,26.4221738118049,25.8928108516697,25.3784622925322,35.8928108516697,-5.25901832524862,4.74098167475138,2
13.3056654225279,46.2656956127733,5.13755882332331,10.7533998680423,20.7533998680423,15.1375588233233,36.2656956127733,12.9298522542416,3.30566542252794,2.92985225424156,41.083550502528,31.083550502528,3
10.2603881976058,48.0996617589068,8.02573394798092,10.3160307410499,20.3160307410499,18.0257339479809,38.0996617589068,11.8986707842615,0.260388197605751,1.89867078426153,45.7065390878845,35.7065390878845,3
39.4747918409179,33.6649788816514,19.7127217011018,31.8190194546661,21.8190194546661,9.71272170110177,23.6649788816514,25.3196412391482,29.4747918409179,35.3196412391482,-2.9583070621555,7.0416929378445,2
15.7131689062759,48.1835001537733,7.69804421583159,14.429376175307,24.429376175307,17.6980442158316,38.1835001537733,13.3418714232916,5.71316890627592,3.34187142329161,41.2912351185759,31.2912351185759,3
37.8375151137773,32.6382509302933,19.5127490325508,29.4042799142467,19.4042799142467,9.51274903255076,22.6382509302933,25.3205265435262,27.8375151137773,35.3205265435262,-5.91278925527646,4.08721074472354,2
37.3967709359484,37.8808376575607,18.3896256725384,27.5167984205039,17.5167984205039,8.38962567253844,27.8808376575607,19.1732648662588,27.3967709359484,29.1732648662588,-4.77651317373228,5.22348682626772,2
28.2508300062474,22.0132593022954,22.168337988389,14.375896512663,24.375896512663,32.168337988389,32.0132593022954,3.75926500149605,38.2508300062474,13.759265001496,12.0582340258809,22.0582340258809,1
38.6823891104736,37.0405753869723,17.9402862046122,30.9751644429884,20.9751644429884,7.94028620461219,27.0405753869723,23.3732583595708,28.6823891104736,33.3732583595708,-5.81305473520662,4.18694526479338,2
37.3622998071917,34.6624668083606,18.5091596673006,28.2325937655857,18.2325937655857,8.5091596673006,24.6624668083606,23.5228304307063,27.3622998071917,33.5228304307063,-1.01698566464951,8.98301433535049,2
27.0187987378328,24.4883498195365,26.5158395191292,18.8648524675358,28.8648524675358,36.5158395191292,34.4883498195365,-2.46128792940248,37.0187987378328,7.53871207059752,11.6308815867935,21.6308815867935,1
33.5120370684933,32.2829110931809,19.9867539853337,30.0070768686384,20.0070768686384,9.98675398533375,22.2829110931809,22.6603981344251,23.5120370684933,32.6603981344251,-5.8742254354255,4.1257745645745,2
37.7000758845209,34.889535781417,23.7926398037013,33.0121746650377,23.0121746650377,13.7926398037013,24.889535781417,20.7279295588293,27.7000758845209,30.7279295588293,-3.07355095918104,6.92644904081896,2
37.3841154661172,33.7849401969387,18.4511713603476,31.8821497279524,21.8821497279524,8.45117136034764,23.7849401969387,26.2195863397161,27.3841154661172,36.2195863397161,-0.953993692278065,9.04600630772194,2
12.725655686998,45.8349754745409,5.32141333964049,9.40345888570277,19.4034588857028,15.3214133396405,35.8349754745409,13.2048705359887,2.72565568699797,3.20487053598874,41.5297531367702,31.5297531367702,3
30.2605764062161,25.7923329367932,23.3110852085421,17.4207835260477,27.4207835260477,33.3110852085421,35.7923329367932,0.782259785357642,40.2605764062161,10.7822597853576,14.0878536498799,24.0878536498799,1
23.850951633461,26.8925367710312,26.2771760158145,16.6376025186139,26.6376025186139,36.2771760158145,36.8925367710312,1.30020372582036,33.850951633461,11.3002037258204,13.3709745586562,23.3709745586562,1
34.8974154377847,32.0564776728922,19.6092119343305,31.6996360185867,21.6996360185867,9.60921193433046,22.0564776728922,23.8782481312152,24.8974154377847,33.8782481312152,-6.38446520671341,3.61553479328659,2
35.4843848178087,31.5504325420183,20.1813338468757,26.9210515467172,16.9210515467172,10.1813338468757,21.5504325420183,22.6143831723561,25.4843848178087,32.6143831723561,-8.01421819472957,1.98578180527043,2
27.112113905203,23.121228018085,28.4695866347816,15.3758809165757,25.3758809165757,38.4695866347816,33.1212280180849,2.47690379336374,37.112113905203,12.4769037933637,10.1806812552814,20.1806812552814,1
9.82083495534367,47.4393932666828,7.16634365996605,8.37693089636785,18.3769308963678,17.166343659966,37.4393932666828,11.4471167454387,-0.17916504465633,1.44711674543872,42.6693431712428,32.6693431712428,3
13.7973524984854,52.5185846088844,5.51957708309327,14.6587271617865,24.6587271617865,15.5195770830933,42.5185846088844,11.8732005697112,3.79735249848538,1.87320056971118,41.6496424522772,31.6496424522772,3
12.1741759840886,47.8637857233298,6.44962313623165,8.49486399450232,18.4948639945023,16.4496231362316,37.8637857233298,13.6937324734156,2.17417598408862,3.69373247341559,38.9830614712844,28.9830614712844,3
34.5757628053762,36.1031027901518,22.0601901120443,33.9781038375794,23.9781038375794,12.0601901120443,26.1031027901518,25.7656873764879,24.5757628053762,35.7656873764879,-5.11360451870723,4.88639548129277,2
11.4173353957,45.3293926763349,6.53971973831094,12.5903251204786,22.5903251204786,16.5397197383109,35.3293926763349,15.5979821542519,1.4173353957,5.59798215425194,43.2665559110267,33.2665559110267,3
28.7494966820867,25.0394922724891,23.8203175411118,15.887359706683,25.887359706683,33.8203175411118,35.0394922724891,4.68270181057222,38.7494966820867,14.6827018105722,10.9542329445785,20.9542329445785,1
29.276256560383,23.7778620776211,26.0342129071071,12.6898128930764,22.6898128930764,36.0342129071071,33.7778620776211,0.887801887015277,39.276256560383,10.8878018870153,14.655184487613,24.655184487613,1
34.4711637830715,34.3155731625721,16.5186570014669,26.2395125304262,16.2395125304262,6.51865700146694,24.3155731625721,26.3174830452355,24.4711637830715,36.3174830452355,-3.85562758903288,6.14437241096712,2
26.1897593678671,22.8010238303293,25.3979931485112,15.8599609634278,25.8599609634278,35.3979931485112,32.8010238303293,0.467308834724363,36.1897593678671,10.4673088347244,9.02608052474501,19.026080524745,1
12.6480101642535,47.7919055840498,5.79113992511724,13.4368062832891,23.4368062832891,15.7911399251172,37.7919055840498,12.0595474609188,2.64801016425347,2.05954746091879,41.2083050213079,31.2083050213079,3
11.3020520242086,51.5937390852517,7.7485177421236,8.88573350323409,18.8857335032341,17.7485177421236,41.5937390852517,13.78005509844,1.30205202420862,3.78005509843999,45.6179531846759,35.6179531846759,3
16.5747036690189,44.8614828706481,7.21459095206112,9.1511997797539,19.1511997797539,17.2145909520611,34.8614828706481,9.97191462685664,6.57470366901888,-0.0280853731433619,41.1030326601029,31.1030326601029,3
11.5360442880935,46.6017774638813,7.75661933062497,13.0779117118112,23.0779117118112,17.756619330625,36.6017774638813,11.6055646500106,1.53604428809351,1.60556465001062,43.5804230171426,33.5804230171426,3
29.3333483871099,26.4082296120374,25.0548860760657,12.5415041710775,22.5415041710775,35.0548860760657,36.4082296120374,3.03719687172597,39.3333483871099,13.037196871726,13.1308250063644,23.1308250063644,1
36.9630669974222,29.751715501323,15.5790209325196,33.3046910463688,23.3046910463688,5.57902093251965,19.751715501323,21.3474485752075,26.9630669974222,31.3474485752075,-1.93601829277901,8.06398170722099,2
14.6675585556783,46.702469992992,8.53807897544742,7.10940094166134,17.1094009416613,18.5380789754474,36.702469992992,10.6680972075618,4.66755855567834,0.668097207561769,37.5907040768955,27.5907040768955,3
33.5907571617578,33.1676357691678,19.6841297353934,29.7117380160449,19.7117380160449,9.68412973539339,23.1676357691678,22.8253421083041,23.5907571617578,32.8253421083041,-3.62990454388377,6.37009545611623,2
41.0420926972808,31.3156488001781,17.4631401135059,31.4609882478184,21.4609882478184,7.46314011350589,21.3156488001781,23.4727526383017,31.0420926972808,33.4727526383017,-5.82269831134034,4.17730168865966,2
35.7607105375631,35.0700718172609,22.0585950876569,31.292421871184,21.292421871184,12.0585950876569,25.0700718172609,23.5886829057713,25.7607105375631,33.5886829057713,-7.30366069634653,2.69633930365347,2
36.3071728691549,32.96189888116,20.2017302699075,33.6533514766063,23.6533514766063,10.2017302699075,22.96189888116,30.3587909755513,26.3071728691549,40.3587909755513,-4.58464798465936,5.41535201534064,2
13.9120117870461,47.3910810059465,8.48411184273603,13.6060728026202,23.6060728026202,18.484111842736,37.3910810059465,11.3433279911656,3.91201178704612,1.34332799116555,41.4294145324725,31.4294145324725,3
27.2211137090306,24.8616921482003,24.6749541199986,15.5331401909937,25.5331401909937,34.6749541199986,34.8616921482003,3.90573836336378,37.2211137090306,13.9057383633638,11.8264803630129,21.8264803630129,1
12.1269478175306,48.482459619793,4.53850234660531,14.6352306757014,24.6352306757014,14.5385023466053,38.482459619793,11.9677716338579,2.12694781753062,1.96777163385795,39.2606419448856,29.2606419448856,3
39.5594220046199,32.8268094905031,19.7540635175655,30.8023319892702,20.8023319892702,9.75406351756554,22.8268094905031,24.8298073259504,29.5594220046199,34.8298073259504,-5.86743904497466,4.13256095502534,2
12.1689665791389,49.0968048491231,8.92796486882648,11.3637762165373,21.3637762165373,18.9279648688265,39.0968048491231,13.4401114209052,2.16896657913895,3.44011142090519,44.6648890984354,34.6648890984354,3
12.0500887605425,48.1245921810534,4.87789112076753,9.09472228936882,19.0947222893688,14.8778911207675,38.1245921810534,11.3254874937801,2.05008876054249,1.32548749378008,36.7940890128577,26.7940890128577,3
13.9673338351649,50.0655526402743,10.1828448782912,8.11953886946421,18.1195388694642,20.1828448782912,40.0655526402743,9.02420369876009,3.96733383516486,-0.975796301239906,41.9834660240094,31.9834660240094,3
35.6678605394525,31.0317875060772,21.0204924699181,29.4220309847229,19.4220309847229,11.0204924699181,21.0317875060772,20.5424332051507,25.6678605394525,30.5424332051507,-4.33079741411366,5.66920258588634,2
13.8479426542143,45.9137345024462,7.05374913076849,9.52570789534755,19.5257078953476,17.0537491307685,35.9137345024462,16.0635687686773,3.84794265421429,6.06356876867731,41.1449747625725,31.1449747625725,3
36.0622296236584,36.1278855987598,21.1765302515353,28.6369190683147,18.6369190683147,11.1765302515353,26.1278855987598,20.2628806173685,26.0622296236584,30.2628806173685,-5.77675627056292,4.22324372943708,2
36.3514059542433,31.135847662977,22.3018812448754,33.6355047079016,23.6355047079016,12.3018812448754,21.135847662977,22.2177047626094,26.3514059542433,32.2177047626094,-5.37868488560664,4.62131511439336,2
33.3173945704609,32.3888174846334,22.5021044775944,33.1559581951928,23.1559581951928,12.5021044775944,22.3888174846334,21.2851381281904,23.3173945704609,31.2851381281904,-5.33112373597004,4.66887626402996,2
29.6044793147652,26.685732524843,25.5735765547592,17.3660768872798,27.3660768872798,35.5735765547592,36.685732524843,1.98993430270464,39.6044793147652,11.9899343027046,9.95487679188458,19.9548767918846,1
28.3627686793772,23.0024773515681,24.1848844033277,20.0561052242207,30.0561052242207,34.1848844033277,33.0024773515681,1.91102513113347,38.3627686793772,11.9110251311335,11.1283737431568,21.1283737431568,1
33.4787125280096,33.7593535149798,17.4152978396967,33.743079325394,23.743079325394,7.41529783969668,23.7593535149798,24.19830950647,23.4787125280096,34.19830950647,-6.26539655203657,3.73460344796343,2
19.1619020089784,49.7118088365454,6.11768083352329,12.3852776846928,22.3852776846928,16.1176808335233,39.7118088365454,13.0709330653286,9.16190200897836,3.07093306532865,41.256510198979,31.256510198979,3
36.2183403084737,33.3285007779839,19.0871277300799,32.8058942039824,22.8058942039824,9.08712773007988,23.3285007779839,18.3576862601205,26.2183403084737,28.3576862601205,-4.40180229316107,5.59819770683893,2
12.5221665457105,47.9917159170955,6.82997515262723,13.4636033612921,23.4636033612921,16.8299751526272,37.9917159170955,16.017972528132,2.5221665457105,6.01797252813204,38.3820332443051,28.3820332443051,3
12.8002999575299,42.7785459734985,6.64468569884787,9.67962514001414,19.6796251400141,16.6446856988479,32.7785459734985,12.0350821075358,2.80029995752985,2.03508210753583,39.2652095485589,29.2652095485589,3
26.0808904543731,21.6147337071018,23.384689509705,16.1406866331028,26.1406866331028,33.384689509705,31.6147337071018,5.01614574929568,36.0808904543731,15.0161457492957,12.1654199706096,22.1654199706096,1
13.2030690081958,46.9773735805549,6.7184496747717,10.9362773189298,20.9362773189298,16.7184496747717,36.9773735805549,13.3466372782636,3.20306900819579,3.34663727826356,39.8052138176465,29.8052138176465,3
11.7673010898125,47.3064886684658,6.54718975448425,11.1112293662128,21.1112293662128,16.5471897544843,37.3064886684658,10.2746198402035,1.76730108981249,0.274619840203478,40.5525285589738,30.5525285589738,3
13.0983005923796,46.2274240169346,4.3484427229771,14.7187719123282,24.7187719123282,14.3484427229771,36.2274240169346,12.8305313364393,3.0983005923796,2.83053133643928,43.9030448433304,33.9030448433304,3
12.8339296073057,45.6682206560604,7.25147493246471,8.7869375819147,18.7869375819147,17.2514749324647,35.6682206560604,13.1225121679739,2.83392960730568,3.12251216797394,42.8331230343035,32.8331230343035,3
